ticker,profit_margin,debt_ratio,roe,asset_turnover,ocf_margin,rd_intensity,roa,equity_multiplier
A,0.18753598157743234,0.470338650113931,0.19329476338822132,0.5459259841282313,0.2243811168681635,0.06548647092688543,0.10238076530211361,1.887998813232458
AAPL,0.2691506412181824,0.7947533828265705,1.5191298333175105,1.1584451663368045,0.26788190147563085,0.08302075398703868,0.3117962593356549,4.8721874872852045
ABNB,0.483210648381567,0.598644973519729,0.5696623870660961,0.4731618874946324,0.3916507008167793,0.1736412221437935,0.22863686244572737,2.4915596766524013
ABT,0.14717560007218913,0.3988213993288204,0.12514866679455208,0.5112036257539239,0.21580039704024545,0.06636888648258438,0.07523670037941255,1.6633991943218875
ADBE,0.2999705498758888,0.6059465690263086,0.6134388712036479,0.8058380797396257,0.4220202785140309,0.0,0.2417276918904258,2.537726920760561
ADP,0.19842030261321245,0.8840531916288953,0.6592921784098255,0.385257067265263,0.24024726544071512,0.04808155285031297,0.07644282387065222,8.624644473173886
AEO,0.0346087673212389,0.5777336346042578,0.11338786276255011,1.383461024321143,0.08223590991982314,0.0,0.04787988068873327,2.3681734609925975
AEP,0.1689522764673615,0.718189760615062,0.11869741152289806,0.19112353660667483,0.31742548912049734,0.0,0.03229075659619081,3.6758944055494895
AFL,0.21242134700536006,0.7468017515239976,0.12363513055272973,0.14736842105263157,0.14885807504078302,0.0,0.03130419850605306,3.949474398101051
AFRM,0.01618465630322676,0.7248740892927243,0.017004186041813498,0.2890571513274535,0.24621822521439568,0.0,0.004678290646224642,3.6347006476683514
AKAM,0.10741734837548343,0.5664176142062954,0.09081722057688688,0.36657716620630104,0.3609082321909141,0.12203865095914498,0.039376747168879726,2.306366754658232
ALB,0.09929117455640804,0.41778171784887835,0.053562199705979995,0.31407516368269595,0.24933571313151975,0.009994296806775696,0.03118489190105099,1.7175688752082816
ALGN,0.10169880078236138,0.3504417044599405,0.10134257906665281,0.6472830792276745,0.1470206425633537,0.09167640653051676,0.0658279129241687,1.5395077037213023
ALL,0.15190958114796485,0.7445765627348486,0.3359032995753022,0.5651814492559996,0.14936839772475438,0.0,0.08585647722907865,3.9123815746488075
ALLY,0.10765731614859743,0.9209293782716503,0.05497483546264034,0.040377139008785624,0.47119029567854437,0.0,0.0043468944194447,12.646922183507549
ALNY,0.08447827736442487,0.8410947639212931,0.39756277433677656,0.7478230911310583,0.14111170975705836,0.35535740105446056,0.06317480651209112,6.29305883605178
AMAT,0.24668640721940213,0.437587812336428,0.34278716629928974,0.7815091324829885,0.28052735476593343,0.1258460236886633,0.1927876801013802,1.778055351457262
AMC,0.13042133267338984,1.2363241787023873,0.3337555414819506,0.6047668936616029,0.024706634494421415,0.0,0.07887450422809249,4.2314756174794175
AMD,0.12514795461762754,0.1810441203234277,0.06881061604152447,0.4502898889842186,0.22255261410548804,0.23358064609255463,0.056352858591373525,1.221067001063509
AME,0.19998902868162047,0.33849338383597294,0.13925786068136098,0.46062524929916165,0.24344477238297574,0.03190059445089092,0.09211999619356862,1.511700677763199
AMGN,0.20981741993415146,0.9044223169143135,0.8906213906213907,0.40570286799284655,0.27095861337106475,0.0,0.0851235290221447,10.462693462693462
AMPX,0.6029776335072797,0.3382985639711647,0.4240620334248423,0.4653613017955141,0.426428894276205,0.12915861993398256,0.28060245648252613,1.5112555989018928
AMT,0.24693271705841457,0.8361254241150554,0.7196440793976728,0.16845280295741125,0.5133119140221333,0.0,0.0415965083303793,17.300588637919233
AMZN,0.05293283575597832,0.5423703860174686,0.10639227891037521,0.9198120001152196,0.14778743356211452,0.0,0.04868825752847683,2.1851732699234185
ANF,0.09625767048238114,0.6036293216528877,0.3610818472891491,1.486865992409668,0.11756697121997793,0.0,0.14312225674882845,2.5228909569447855
AON,0.21506315115534602,0.8119880277252678,0.3951026518391788,0.3383152173913043,0.20260753157557768,0.0,0.07275913673597983,5.430282292557742
APA,0.15553145336225596,0.6569449918360453,0.23535204332840964,0.5191149147007489,0.49295010845986986,0.0,0.080738697145431,2.9149844083374363
APD,0.03277313018700207,0.5774473629732462,0.02625641435217539,0.2931672329180823,0.2705590124031137,0.008000132920173129,0.00960800789098747,2.7327636124034105
AR,0.06350507862926134,0.4453108942701988,0.042344605612640904,0.3598734824232036,0.21245769944801038,0.0,0.022853793797871648,1.8528479773272664
ASPI,6.7022935972158155,0.4721135697361552,0.7829645703425405,0.047887635034737565,1.584133506645981,0.5181768627615414,0.32095698967912933,2.4394688245465366
ASTS,4.821624975323613,0.5229077851390409,0.14293208489649192,0.014142905204564389,1.0084463746862573,0.39644378014044385,0.06819178495796197,2.0960308486514165
ATNI,0.0204759778838559,0.6170336362560616,0.03355000765262486,0.4350654473259888,0.18398296644802362,0.0,0.00890839047747682,3.766113276853961
AUR,272.0,0.08664105847204438,0.3813084112149533,0.0012804097311139564,193.66666666666666,248.33333333333334,0.34827144686299616,1.094859813084112
AVB,0.3054616908796422,0.4667337805277608,0.07999292071371608,0.1370181249331689,0.5495745258121008,0.0,0.041853788123243835,1.9112468500620943
AVGO,0.3619828760154648,0.5248638159586655,0.2844806377011268,0.37340728964533704,0.4310266564402774,0.1718189929093556,0.13516704463095877,2.1046597451163707
AVY,0.07769182993619785,0.7452651192383289,0.3068551804112216,1.0061124555483598,0.0995313646886116,0.015425441815820676,0.0781667177931536,3.9256500602114093
AWI,0.1904615004935834,0.5320309658648101,0.3427334295547907,0.8421052631578947,0.21933613030602173,0.010118460019743336,0.16038863199459655,2.136893527256578
AXON,0.04484777315350476,0.5367838552361873,0.03844253695579367,0.39705881722717257,0.07603391357406415,0.246195048382176,0.017807203763603143,2.15881940062751
AXP,0.2622748402091807,0.8884393371815552,0.32362430543108084,0.13765613960246892,0.4461553360449351,0.0,0.0361037420180502,8.963733046543586
BA,0.024982394956574228,0.9675632300056468,0.4097909790979098,0.5317740065979136,0.011904362697427987,0.04040776633915697,0.013284988260468986,30.846167950128347
BAC,0.2697595869032777,0.9111177353008936,0.10060908248500378,0.033149380169286154,0.11152373626179297,0.0,0.008942363100566338,11.25083843650142
BAH,0.07804674457429048,0.862828227571116,0.9322033898305084,1.6384026258205688,0.08422370617696161,0.0,0.12787199124726478,7.290129611166501
BALL,0.069523592432186,0.722341733251383,0.16878804648588822,0.6740934234787953,0.09588937010865435,0.0,0.04686539643515673,3.6015495296070834
BAX,0.08511205976520811,0.6957367240089753,0.1561429270680372,0.5606581899775617,0.07515119174670935,0.04606901458555674,0.04771877337322363,3.272148800783162
BBWI,0.08901385269510355,0.7472874334188203,0.5066354410616706,1.4383507595186427,0.1511452475654917,0.0,0.12803314263168278,3.957064793130367
BDX,0.07683150183150184,0.5410754631721645,0.06608901142181961,0.3947582467239042,0.15705128205128205,0.057921245421245424,0.0303298689561681,2.1790074832611266
BIIB,0.13072007764948537,0.3798535980570322,0.0708174488409798,0.3359635863380832,0.22289850969607505,0.0,0.04391718609351382,1.6125224573857413
BILL,0.01627204168005634,0.6110843600475439,0.006080418186835086,0.14532716771552254,0.23974510621713835,0.23250784577832176,0.002364769730311521,2.571251699011763
BJ,0.02695482194056896,0.7073874821499305,0.2631786824070522,2.856979618466209,0.048004979570098236,0.0,0.0770093769035913,3.417488791482209
BK,0.27634462151394423,0.9051280965488038,0.125222846568727,0.042515350412873174,0.3351593625498008,0.0,0.011748888418378149,10.658271838963735
BKR,0.09331842930804457,0.5392969839289645,0.1374110650950409,0.678383601183924,0.13738145891176576,0.021634875419175713,0.06330569213081871,2.170595731124562
BLDR,0.028649158777926245,0.6127039482875686,0.09999400310322176,1.351777303375386,0.08004179942935905,0.0,0.038727282596798404,2.5820041169500563
BLK,0.22931119920713577,0.6379839762820739,0.09935943315201833,0.14244873469099636,0.16216551040634292,0.0,0.0326650901775315,3.041762095619811
BMY,0.14636676764742498,0.7944756658299829,0.38185459860336707,0.5352628890024212,0.29372950989749763,0.20647798481138732,0.07834469890490682,4.874032371569317
BOOT,0.06521969652937473,0.4617895370549882,0.1114741069695205,0.9199142883381122,0.13528042348700609,0.0,0.059996530718447405,1.8580092154436032
BSX,0.14406695227657668,0.44512627939459165,0.11934139396690463,0.45964325784809834,0.2258643020822955,0.0,0.0662194032926522,1.8022118598605208
BWA,0.01934898016205644,0.5922724961870869,0.05090040426313855,1.0397269227975887,0.11511595417714446,0.049594858899133835,0.020117655603166532,2.530135979419331
BWXT,0.10284593198214746,0.7113394724797759,0.26689531005195183,0.7487835055408002,0.1500263410897551,0.004335571414055355,0.07700933748020307,3.465752579946076
CACI,0.05793233612553988,0.5497079073287172,0.1283608268735177,0.9977133534653208,0.06340057469878847,0.0,0.05779986534989254,2.220780724946038
CAG,0.09923532653623589,0.5732902134814822,0.1290091461708106,0.5547365756022528,0.14569268393496831,0.005235602094240838,0.05504946522148286,2.34351315951504
CAH,0.007013271751925168,0.947648808403298,0.5613088816972313,4.189940137796016,0.010769258417273945,0.0,0.02938518881066225,19.10176195613089
CARR,0.06823929737435049,0.6201129335842969,0.105039637599094,0.5847539661199247,0.11555616866694257,0.028739596266151652,0.03990319978488841,2.632361268403171
CASY,0.0342841391818617,0.5725366033967836,0.15576272490715853,1.942089404660118,0.0684311468255335,0.0,0.06658286345298642,2.3393815890351615
CAT,0.13141191614020034,0.7837602069280316,0.416643212308847,0.6855911142668762,0.17368210803533118,0.03178031928272352,0.09009484201450525,4.624495731306877
CB,0.1735631796909195,0.7070470427096835,0.1397833425979907,0.21812747175270905,0.21575031143732534,0.0,0.03785889757534141,3.6922190436161992
CBOE,0.23333757583471215,0.4478093129721772,0.2140785863028628,0.5066145100104242,0.37177039582537863,0.0,0.11821220164852289,1.810968608294572
CBRE,0.028532675709001233,0.6882469151795835,0.1303221446271683,1.3132752534248793,0.03844636251541307,0.0,0.037471256922628496,3.4779229556206355
CCI,0.10412757973733583,1.0518751189796307,0.27155963302752295,0.13528777206675552,0.7169324577861164,0.0,0.0140871882733676,19.277064220183487
CCL,0.10367365336939373,0.7623386925145588,0.22468251383914034,0.5150618143827268,0.2335662234242356,0.0,0.053398340008125836,4.207668511885379
CDW,0.0475648966959655,0.8374053231180045,0.4092705575380837,1.3990404412223454,0.053745746763526746,0.0,0.06654521406021885,6.150262844863973
CE,0.12206621961441744,0.8133671352846278,0.2877253642874784,0.4399170315740954,0.12007544006705784,0.013097233864207879,0.05369900898824614,5.358113114349222
CF,0.25381140598531904,0.6565871663827371,0.37164117403885905,0.502839295854628,0.38848108413325805,0.0,0.12762634866553094,2.9119470855725504
CFG,0.22202012853158726,0.8837336702731599,0.06957479955922027,0.03643456401783071,0.2680974899963623,0.0,0.008089206586231119,8.600942356651593
CHD,0.11877740521021408,0.5509402630043535,0.18409874568987056,0.6960190296665321,0.19593113231880321,0.023471756512767603,0.08267133432072168,2.2268752186297536
CHTR,0.09104684704421806,0.8958972330477976,0.3106390930609194,0.355184063600345,0.2935151714317012,0.0,0.03233838911116443,9.605892612433038
CI,0.02166969807202619,0.7348387464459628,0.14280919617385468,1.7407658356499218,0.03492542742815569,0.0,0.03772187007263217,3.7858461390933282
CL,0.10460209989206162,0.9776484996938151,39.48148148148148,1.248132271892223,0.20596604847414385,0.017957020900794818,0.13055725658297612,302.4074074074074
CLX,0.11402027027027027,0.9133249415572738,2.5233644859813085,1.2774680812803452,0.13809121621621623,0.017032657657657657,0.14565725588922857,17.32398753894081
CMCSA,0.16165617143734792,0.644563530926417,0.20637131977338163,0.45375250796864625,0.2719571244957844,0.0,0.07335189321830606,2.813442308287669
CME,0.6245130816182559,0.8552182647076314,0.14174922201878293,0.03286191906027591,0.6559365702542711,0.0,0.020522698340222613,6.906948573178967
CMG,0.12877849929743582,0.6852968765130721,0.5425553600340846,1.3258724662797872,0.1772594940917443,0.0,0.17074386646730105,3.177597949839028
CMI,0.08782298782298782,0.6055542480583667,0.23945258725402865,0.9905271828665568,0.10754380754380755,0.041461241461241465,0.08699105671922805,2.752611547493724
CMS,0.12542452277784283,0.7710623169174532,0.1171259842519685,0.2137903407526101,0.2617402506148261,0.0,0.02681455146340853,4.3680008748906385
CNK,0.06041733547351521,0.02071924630942541,5.6401342603692125e-05,0.00010257541680524501,1132.8731942215088,0.0,6.197333368458138e-06,9.100905058738912
COF,0.04590710034809298,0.8301726882597992,0.021590268976200536,0.07987037543590594,0.5187333907250066,0.0,0.0036666173399759945,5.888334389522602
COO,0.09160883589091974,0.33527769709878336,0.04550364733156125,0.33017071675218645,0.19453132636105952,0.042077998240641186,0.030246555006938392,1.5044241342897717
COP,0.1355184581976113,0.47115360959168107,0.12386992727216338,0.4833892356014073,0.3358441910966341,0.0013232899022801302,0.06550816391802458,1.8909082450726502
COST,0.029425763438516175,0.6217330964085137,0.27770539020710466,3.569890660060442,0.0484495067851109,0.0,0.10504675806430692,2.6436359895761896
COTY,0.06243106110743437,0.6678115841010438,0.10384734806785785,0.49488146325486865,0.08359211933004125,0.020872575472178384,0.03089597487340124,3.361193440031615
CPB,0.058714522578757436,0.7379162191192267,0.15427985648385442,0.6883055853920516,0.11030917780161904,0.0,0.040413533834586464,3.8175294720656074
CPRI,0.2660963529941468,0.9286399386150009,3.2119565217391304,0.8521005179359294,0.06325979288608735,0.0,0.22674084020717436,14.165760869565217
CRL,0.035946268624006385,0.5499643889317268,0.04560975532684705,0.5627392465365049,0.18370506218337382,0.0,0.020228376121272155,2.2547413125705056
CRM,0.179578567128236,0.4733805262454922,0.1260863684014744,0.3697520146030898,0.36113184828416617,0.1443226971703793,0.06639953697520146,1.8989043319468397
CROX,0.02009529661957602,0.6902130666506977,0.06278440217647646,0.9678775974609258,0.175821099937708,0.007325559495793619,0.019449787412419903,3.2280251112865477
CRUS,0.17483836363185673,0.16227423892589524,0.17005164023270164,0.8147905115138202,0.23436073534988294,0.22925440264293065,0.14245663973583983,1.193708068279806
CRWD,0.03377012284899954,0.5965786523725218,0.03669550333191069,0.43403464913404227,0.3350680225810239,0.2877740151974073,0.014657403421979017,2.50354733887485
CSCO,0.17968722420305716,0.6169546409793034,0.21732169160813783,0.4632720314659296,0.25052070462809334,0.16415434038196774,0.08324406538502424,2.610656875093397
CSX,0.20500993471473175,0.6987317430520581,0.2195288753799392,0.3226042763609725,0.327348850411581,0.0,0.06613708163545626,3.3193009118541035
CTRA,0.22459123610202747,0.38756651953302257,0.11571640382800917,0.31537477826822324,0.5259646827992152,0.0,0.07083041128666309,1.6337107426876938
CTSH,0.105647148000758,0.27435723951285523,0.1485181485181485,1.0201043881693408,0.13658328595793065,0.0,0.10777111927314904,1.378088578088578
CVS,0.004397277070736966,0.7026796772081503,0.023506262132049885,1.585825398954003,0.026460764002019563,0.0,0.006973313665012739,3.3708883984364615
CVX,0.0650634022990938,0.40688616470994904,0.06596406543309198,0.5834074046640247,0.17954197988689685,0.002258888753696484,0.03795847067392566,1.737795655671762
CWK,0.008572928209016154,0.7452257509835083,0.04510816754462231,1.3402026939009457,0.03308644855271087,0.0,0.01148946148034286,3.926047153889429
CZR,0.04370538046317256,0.883498214229274,0.1432648401826484,0.3630329656436676,0.11335538916942364,0.0,0.015866493884130344,9.02939497716895
DASH,0.06462072958888246,0.39198131568703776,0.07151095732410612,0.6722460101206695,0.1937463810075275,0.11615518239722061,0.04344102763721292,1.646161732666923
DD,0.11373923200467222,0.34632676709154114,0.05596666427185861,0.3174507531865585,0.08176376113301212,0.02817929624762739,0.03610660486674391,1.5500395143329262
DDOG,0.03143741840907247,0.43824599132670783,0.02886791350745377,0.5158396253735036,0.30641569487021025,0.45181780355618273,0.01621666613484603,1.7801386097123255
DE,0.1100385255231591,0.7546416845918714,0.19371868978805395,0.4309973961281558,0.1632737938884511,0.05058663864810437,0.04742631797426318,4.084624277456648
DECK,0.19377580926875176,0.29612447524712543,0.38443533718289563,1.396431400360535,0.20950747872076686,0.011367912304447277,0.2705946246931589,1.4207057424692988
DELL,0.052282055347108454,1.024386391011591,2.403238866396761,1.1209643978437296,0.098513273089186,0.027673554228540224,0.05860632269020398,41.00647773279352
DG,0.03539691832546433,0.7250989464124639,0.17766890876627503,1.3798198408266704,0.08506854717971377,0.0,0.04884137020959684,3.637672489609329
DHI,0.10467614976759394,0.3024707368231129,0.14820755340961703,0.9655833464895466,0.09987912549926424,0.0,0.10107354699023434,1.4663337522322903
DHR,0.14710192119830673,0.3705789322342567,0.06879354322914684,0.29435445221892076,0.2611527189840443,0.06504395962227287,0.043300105434678424,1.5887615639395438
DIOD,0.04462735641226849,0.20819860299824353,0.03521652457452224,0.6053972468444917,0.14541321513852556,0.1094244345588915,0.02701727870593522,1.3034815592580682
DIS,0.1313635160180037,0.4437406968619946,0.11289808772265152,0.4780673775023543,0.19169711411172888,0.0,0.06280061160221553,1.7977227425388418
DKNG,0.0006127648329142253,0.8606287565242572,0.0058752638721947985,1.3363084622882044,0.10948092542354686,0.0,0.000818842831615897,7.1750812797623285
DLR,0.21407736558622617,0.4971516157264489,0.05707965784893549,0.12371248942632966,0.39461108133699524,0.0,0.02648404382650251,2.155247069626732
DLTR,0.06606806169443329,0.7211611293460664,0.3415537031612027,1.4415202507017568,0.1128540372350838,0.0,0.09523844885713861,3.5863005672587818
DNOW,0.03156028368794326,0.42966360856269115,0.039856695029108824,0.7186544342507645,0.0549645390070922,0.0,0.0226809378185525,1.7572772055530677
DOCU,0.09600403789408292,0.5465664195954653,0.16116475998790292,0.7611920889929188,0.36185960552880886,0.20654915359527878,0.07307751415635232,2.2053946668613325
DOV,0.13518027830710413,0.4482958851766183,0.1477279632734052,0.602914317333018,0.16533744344040974,0.020431331402591343,0.08150212521241507,1.8125657814245817
DUK,0.15410863293730806,0.7351432541790984,0.09582963620230701,0.1646963256631381,0.3824797592828117,0.0,0.0253811255977439,3.7756259403572394
DVN,0.15371189201768676,0.508592044052027,0.17014425553838228,0.5439412639640495,0.3904468233651385,0.0,0.08361024083040602,2.034969088098918
DXCM,0.17938652938652938,0.5668701399075695,0.3045520757465404,0.7353428287512421,0.30903045903045906,0.12850707850707851,0.13191059795895835,2.3087764020393298
EA,0.11777984331430089,0.4848831010585637,0.13113542282672974,0.5735282918284974,0.33899880493958306,0.0,0.06755007234787906,1.9413069189828505
EBAY,0.18297297297297296,0.7379329926178307,0.4400866738894908,0.6303236797274276,0.1764864864864865,0.14792792792792792,0.11533219761499149,3.8158179848320692
ECL,0.12906996990274355,0.6029972101083968,0.2124288696933721,0.6511582706721251,0.18360570106708454,0.012561251647886972,0.08404497839757373,2.527561714496254
EL,0.07908697473125785,0.8057007842348682,0.293143596377749,0.720189020711844,0.08878961329052074,0.0,0.05695757088276694,5.146701164294955
ELS,0.21528070723046241,0.6841250024149784,0.18771376919901497,0.2665408615215704,0.3729624613584331,0.0,0.05738110517418043,3.2713515821838834
EMN,0.054159049360146254,0.5937142472575544,0.07951685958731756,0.589003297664715,0.11083180987202924,0.02913619744058501,0.03189985867151222,2.4927025666834424
EMR,0.8716782063963073,0.5110066446684446,0.6109724533185432,0.3427428468110112,0.04200461589185625,0.03448730629739532,0.29876146996338654,2.0450175633203918
EOG,0.2200424178154825,0.42406224058379505,0.16692923943284282,0.4369196316531207,0.443796394485684,0.0,0.0961408521400027,1.736298729594744
EPAM,0.06920911201937456,0.2497539847935675,0.10270731252308125,1.1131996337922896,0.12001599397184123,0.0,0.0770435581550573,1.3331070758229167
EPRT,0.4508275735497194,0.3868745595053375,0.060241276535156964,0.08177431432183749,0.6790219147961847,0.0,0.03686611570440606,1.6340554296029948
EQIX,0.1464684821525442,0.6467950474577115,0.09536592257699915,0.22961560499240177,0.42432461755451883,0.0,0.033631449141775245,2.835617406046906
EQR,0.362024512929874,0.4500568132986259,0.10144356305244423,0.14913504144866704,0.532897494763182,0.0,0.053990540741230254,1.8789136330130538
EQT,0.23590898000985866,0.3453393992478239,0.08585335455031028,0.20683456706040362,0.5929924662875536,0.0,0.04879413174600052,1.7595016342789491
ES,0.1254787320579743,0.7460713878161863,0.1049492226190449,0.21238348533129417,0.3036464095575454,0.0,0.026649610449424176,3.9381146984575364
ETN,0.1488997376858059,0.5291023247921263,0.2103989703989704,0.6653899299410924,0.16292626056543283,0.02903672398717575,0.0990763860270054,2.1236036036036037
ETR,0.13697157712792293,0.7646000256222187,0.10478756935204923,0.1800883924812003,0.3978354769707089,0.0,0.024666991140582382,4.248088822623026
EVR,0.15255391378124805,0.5670354605375753,0.29136099264807225,0.7241533701237585,0.3238239172141634,0.0,0.11047243079026006,2.637409085360331
EW,0.17692333047662995,0.24527640685687585,0.10384421916112056,0.4429810472213299,0.26290460808227306,0.17786274639066518,0.07837368221242297,1.3249883918898004
EXC,0.11410668645395333,0.7529553058248263,0.09611778595735815,0.20809813845757913,0.2578118558825954,0.0,0.02374538903663035,4.047850545176749
EXPI,0.0047595389319765626,0.45132209365395043,0.09355833906556991,10.785371090218765,0.02485399631331655,0.014587900914253073,0.05133339359971072,1.8225629070059604
EXR,0.28837509644587694,0.5105244162068362,0.07250703222159244,0.11541609796540096,0.5477927439540352,0.0,0.03328312838217928,2.178492099330865
F,0.024569926954271216,0.84271167898568,0.09655403144864504,0.6177891695535702,0.08466947800965997,4.6540402177182716e-05,0.015179034769071094,6.361012601762016
FAF,0.08343844770671748,0.6595989845213448,0.11306482407491589,0.4591959972394755,0.12758648452805882,0.0,0.03831460120279996,2.9509591781071007
FAST,0.1534540576794098,0.21953729541451436,0.3190993001318592,1.6229294068752598,0.15802694957624536,0.0,0.24904510281224645,1.2812912060046657
FCX,0.16021609106694965,0.4710746643285712,0.21969416371236572,0.4455275327935084,0.2164769438549103,0.0,0.07138067976687813,3.0777818932218635
FDX,0.04653913518185747,0.6796192954226437,0.14575764052147894,1.0034121903066406,0.08002183654436686,0.0,0.046697935567804445,3.121286599700791
FFIV,0.22421109352372612,0.4316000400032155,0.19275617838423675,0.4886582655694477,0.3075271561025779,0.1748064811960343,0.10956260408273323,1.7593245432417994
FIS,0.035777840217289504,0.584866220735786,0.027483991654075834,0.31883062589584327,0.2442633698604477,0.0,0.011407071189679886,2.409381969925894
FISV,0.16420516208181946,0.6779229530904871,0.1349255583126551,0.26447281394681343,0.2860378426839051,0.0,0.04342780128037138,3.106893610421836
FITB,0.4215981277164828,0.8986640295555473,0.1160928005892101,0.027904243012277494,0.7545971247074557,0.0,0.011764376609321938,9.86816424231265
FLO,0.015946986566483003,0.6884487797276247,0.06430827465099383,1.256370371769043,0.0848862898529605,0.001769245154408493,0.020035321441128184,3.2097450914355106
FLUT,0.024842824879448208,0.6687841530054645,0.04503208674485506,0.5595286885245901,0.07227003601294024,0.06048953183177684,0.013900273224043715,3.2396547908829385
FMC,0.6456999480879045,0.786161119828227,1.0808110065170167,0.35793624576761085,0.0017880832900732538,0.0,0.23111941531092575,4.676418054549844
FNF,0.04167532017999308,0.9176986442108354,0.08108836206896551,0.13250591667125322,0.4034614053305642,0.0,0.005522226503017961,14.683997844827585
FOX,0.14067484662576688,0.4842854063375728,0.1916903527838154,0.702737658978228,0.20392638036809815,0.0,0.0988575123949127,1.939057013877278
FTI,0.09704407707951593,0.663448044118519,0.2865509245496165,0.9816568164297997,0.17765741094980164,0.008366389464994059,0.0952639797592457,3.0079671799750285
FTV,0.13926089779038733,0.4501989316475971,0.08975113893451515,0.3543368803087487,0.2604409607847852,0.06232117525426173,0.04934527207204137,1.8188396814082501
G,0.14100308071142276,0.5208466634169836,0.26416642708792354,0.8976841095510805,0.10963240536729979,0.0,0.12657622495239268,2.0870145810343192
GD,0.08011417697431018,0.5524463309402784,0.16431191944422763,0.9179199636674876,0.09743101807802093,0.0,0.07353840241750947,2.23436890172508
GE,0.1898157234761749,0.8548195038757308,0.4660277346468919,0.35227281457182585,0.18617380874495693,0.03445643877439756,0.06686691915893954,6.969481180061037
GILD,0.28903304690418774,0.6153533368347932,0.37484032947187595,0.49883943547430665,0.3402846177359644,0.0,0.1441810819511038,2.599788574197243
GIS,0.11778350250941673,0.7214728267278682,0.24949995651795803,0.5892334999440599,0.14975419005880963,0.01316802315437275,0.06940198541929359,3.5949973910774844
GM,0.014576881293272583,0.7754298147068444,0.04412703087419624,0.6577658167545968,0.14521211335052076,0.0,0.009588174229604243,4.602234984211129
GNRC,0.03790649269317513,0.5265163279047824,0.060611102627162364,0.7551828872814527,0.1040538617444342,0.057843073667895185,0.028626334598745282,2.1173197154559564
GO,0.04796834300931228,0.6817756403143348,0.22864741278262982,1.5168582436214433,0.04737564886572332,0.0,0.07276117652653635,3.1424369931572094
GOOGL,0.24006649446638517,0.27800184783767456,0.22700286695131106,0.6827093919903344,0.3309954000403391,0.14778102370247956,0.16389565047439678,1.3850450960367167
GPN,0.181693377445114,0.5541777865302658,0.061170049046329146,0.14447126018804735,0.34474877489625455,0.0,0.026249471207318156,2.330334526101821
GS,1.2667600855520318,0.9309287467114717,0.13743878628812853,0.007493975637255986,3.3301865919315583,0.0,0.009493069219375235,14.477803027878245
GSAT,0.03169026983068729,0.8470814803988368,0.024319074351542888,0.11734948511884932,2.2772230077732925,0.02234546826577187,0.0037188368479085573,6.539430296658411
GTLS,0.009545028142589118,0.6557656224506445,0.01259944896758815,0.4348180779898842,0.06864446529080676,0.009826454033771106,0.004150350791319955,3.0357551930161284
GWW,0.09508416007134099,0.5831287659004687,0.45663811563169165,2.0020084802499443,0.11230632036562256,0.0,0.1903592948002678,2.3988222698072805
HAL,0.05783447529751172,0.5799680127948821,0.12264601854507218,0.8870051979208317,0.13189686260367833,0.018526866209880994,0.05129948020791683,2.390784819806902
HBAN,1.4154929577464788,0.8916999102644976,0.0908306630515159,0.006938953204268211,1.58898847631242,0.0,0.009822039394774017,9.247637827623038
HCA,0.08973544973544974,0.9007411067193676,1.1256014600962336,1.2450592885375493,0.16714285714285715,0.0,0.11172595520421608,10.074664011946242
HD,0.08595908503002739,0.8780817355725772,1.1048154218371966,1.5669917693515392,0.09912984339610038,0.0,0.13469717874304202,8.202216498868337
HIG,0.13522278623801468,0.7793062548693559,0.2021181305653617,0.3298719722781027,0.20875634517766498,0.0,0.04460620719327418,4.53116602560725
HII,0.04846203140019224,0.6020864381520119,0.17340212095156204,0.9792140560043925,0.09580262736302467,0.0020826658122396666,0.04745470232959448,3.6540556033247347
HLT,0.12102334080903729,1.3187075235483485,0.2704157386785449,0.7177178967449624,0.17684193039288978,0.0,0.08686061762251103,3.113214550853749
HON,0.12630201378131511,0.8112946349805241,0.3401179516685846,0.5081635699841207,0.17114470380855723,0.048394850702419744,0.0641820822192967,5.299266398158803
HPE,0.001662001399580126,0.6747556187916633,0.002308813998703824,0.45182199035649356,0.08511196641007698,0.07341964077443433,0.0007509287803335704,3.074611147116008
HPQ,0.04573650420472014,0.9917163446575211,7.309248554913295,1.3238286767698533,0.06685957138981825,0.028971878108328058,0.06054729584141349,120.71965317919076
HRL,0.03950030397747924,0.4100574332237323,0.06052229473327434,0.9039089401057363,0.0698199098640692,0.0029076106709311628,0.03570467790213765,1.6950802608879114
HSIC,0.030188106796116505,0.5725367810967454,0.1226502311248074,1.1755684351315203,0.054004854368932036,0.0,0.03548818546589389,3.4560862865947612
HST,0.12512266928361138,0.48409839834470075,0.11665141811527904,0.4685416507012032,0.2469741576709192,0.0,0.058625182006284006,1.989783470570296
HSY,0.07554015471013403,0.6625682422845529,0.19049096888984743,0.8509077418237885,0.19477033974378274,0.0052730039984345625,0.06427770246141976,2.963562193346633
HUBB,0.15178113130068782,0.531171009138635,0.23054133423425766,0.7102615205133191,0.17619683126304622,0.0,0.10780429710285827,2.138517113230593
HUN,0.04997360549005807,0.5784746970776906,0.10327272727272727,0.8101211689237349,0.05085342248812247,0.021115607953545664,0.040484675694939416,2.550909090909091
IBM,0.15685200266528468,0.7844284961811957,0.3244609164420485,0.4446602580984988,0.19535055896942327,0.12313615162508329,0.0697458519884119,4.6520460671404065
IBP,0.08933620573582872,0.6567214700193423,0.3738554726017749,1.4365570599613153,0.12501683048337148,0.0,0.1283365570599613,2.913086350190168
ICE,0.2622626582278481,0.7882121750056617,0.11464637731281342,0.09233893649506528,0.36882911392405066,0.0,0.024217054943128275,4.734117240186754
IDXX,0.24617503721214895,0.5208897446817273,0.6599446985547996,1.2843961621829563,0.2746019589646309,0.058369980077616894,0.31618627302053054,2.087202243950509
IEX,0.13975415762834417,0.4187671430633752,0.11997517070142769,0.49913382416630575,0.19678958785249456,0.02024584237165582,0.06975602714017612,1.7199255121042831
IFF,0.03296602387511478,0.4457887936097733,0.02536385474070934,0.42640667214847877,0.0780532598714417,0.06372819100091827,0.014056932534554995,1.8043662568885122
ILMN,0.19571724614321898,0.5901565322095124,0.31215571061329417,0.6536724864539434,0.24844577481003915,0.2226571494358738,0.12793497892835642,2.4399559309585017
IMAX,0.08501945335582577,0.521568044061112,0.10321671781728425,0.45883420149860576,0.30976178171287044,0.014178034772264097,0.03900983299236827,2.645915398752852
INCY,0.2502605401574172,0.25732997239282185,0.24898993280668055,0.7388993892330424,0.27493317762517305,0.3987659013133402,0.1849173602714469,1.3464930087752671
INTC,0.005051747299112633,0.4594828523996235,0.002336346374287939,0.24997989868939455,0.18347113692694833,0.26060961534823,0.0012628352780365986,1.8500800658027143
IONQ,3.9255014767413243,0.4195610041340213,0.13432707367804908,0.01978826724510293,2.178093465419641,2.3512875338419885,0.07767887229280353,1.7292613771697825
IP,0.14876872302614877,0.6094457907491307,0.23713495649828017,0.6225371404488462,0.07184564610307184,0.0,0.09261405542092509,2.5604640183449114
IQV,0.08338442673206621,0.7785866951643067,0.20913424573273873,0.5446834090301896,0.16272225628448805,0.0,0.04541811381244991,4.604644010456712
IR,0.07599105987530878,0.4450517018997442,0.05762254950544114,0.41814594582777687,0.17719483982276596,0.014939418891895071,0.031775353606016216,1.8134353505520429
IRM,0.022060243674889377,0.9535618405834333,0.15520174677652657,0.32670914994206635,0.1941538774948973,0.0,0.007207283458537954,21.534014538122562
ISRG,0.28376404661837906,0.1230283449095006,0.16023339317773788,0.4919520790666074,0.3011018708953073,0.13033672141246136,0.13959831269826528,1.1478175493716338
ITW,0.19109947643979058,0.8002229378251177,0.9504029758214507,0.9935595739410453,0.19483919222139118,0.018823236100723013,0.18986871439187517,5.005579665220087
JAZZ,0.08345420572660985,0.6296030478569113,0.08246869807325735,0.3660229481257087,0.3176908444258651,0.0,0.030546154413543136,2.699806232783709
JJSF,0.04143104647262911,0.3002574735740328,0.06785490770098117,1.146023781379818,0.10429671438126922,0.0008842665608915428,0.04748096454508538,1.4290970781890875
JLL,0.030330530410942122,0.5717680368067143,0.10557391907021378,1.4670778772098354,0.045723628788923096,0.0,0.044497250169933326,2.3725942314869113
JNJ,0.2845646704107524,0.5906631193213192,0.3287059746885117,0.472832689122032,0.2604227490365526,0.001157198517936577,0.13455147833944078,2.442975571470617
JPM,0.31268258727192005,0.9180912562995774,0.1574007140531622,0.04123189224615246,0.8099996163269333,0.0,0.01289249474564397,12.208708799849905
KEY,0.24344469586050846,0.88946258020078,0.08974044453167165,0.040747148567368656,0.293890589644616,0.0,0.009919677190166015,9.046710171237917
KLAC,0.33412215138297763,0.7079615004450481,0.865569244913055,0.756548293787263,0.33578879583868654,0.11190489235006905,0.2527795435453213,3.424206060241839
KMB,0.12287955250197605,0.9121534682418997,1.3455392809587217,0.9619253713884665,0.16884538213655986,0.019821243995865507,0.11820095917651187,11.383488681757656
KO,0.2733985523873094,0.6930907495038925,0.4074419472162641,0.45738246069302396,0.15452326818380926,0.0,0.1250477026408182,3.258292144611272
KR,0.006881510681242465,0.8811682982003083,0.1714189303188797,2.9556182811843135,0.049518429715121715,0.0,0.020339118771645348,8.428041167538384
KSS,0.01751787209377214,0.6970513396198174,0.06719367588932806,1.162026642718156,0.08887743929928511,0.0,0.020356234096692113,3.300889328063241
KTOS,0.016335016335016335,0.1908641374837873,0.011020387717276963,0.5458819714656291,0.03125928125928126,0.0297000297000297,0.008916990920881973,1.2358863898211692
LAC,,0.38479276073962176,0.08147501685944045,,,,0.033447225487854435,2.435927514795694
LAZ,0.07432403170157786,0.7998010012277527,0.27108068974595234,0.6449377764518389,0.16297835909750805,0.0,0.047934375742551605,5.655246063949729
LDOS,0.0843134971468499,0.632253761209516,0.29454841334418225,1.2728081227303045,0.10189821823686969,0.010888552463025504,0.1073149040243089,2.7447111472742067
LEA,0.018779746421830598,0.6607784088229548,0.08675100792437092,1.5669974600993053,0.0468117854947096,0.0,0.02942781494431756,2.9479255625508927
LEN,0.060788691960501635,0.35694661673913697,0.09463725744631563,0.9929276819809172,0.006341955087285686,0.0,0.060358774998992906,1.5679121626953938
LII,0.1551017265605451,0.7150521828605026,0.6928037142120196,1.2727963153510706,0.14582411025349834,0.019902604276942622,0.19741290607085107,3.5094144957441324
LIN,0.20296592714647207,0.5422440305470126,0.18036344620211792,0.39146710897635256,0.30453716236097217,0.004325310421938445,0.07945448472073442,2.2700222251274678
LMT,0.06685054898198486,0.8876838235294118,0.746466299657789,1.254144385026738,0.11402036030273958,2.664961091568063e-05,0.08384024064171124,8.90343698854337
LNC,0.06462771798813968,0.9738593110324925,0.1079222446359802,0.04365250572861238,0.00916977816824072,0.0,0.0028211618297044132,38.25453878598936
LOW,0.0771156386899381,1.1831597222222223,0.6709690430573763,1.5936391843971631,0.11431750225992629,0.0,0.12289450354609929,5.459715639810427
LPLA,0.05079755535764222,0.7109957073454666,0.16147935675747993,0.9187101022762808,0.02421522166748021,0.0,0.04666822727800452,3.4601562171097875
LRCX,0.29064525243589967,0.5379948991017209,0.5433405001754782,0.8636854739647117,0.33485576893086855,0.11371411960701451,0.25102608260569326,2.164478266702455
LTBR,,0.004157538461478113,0.0964608956113047,,,,0.09605985572777209,1.004174895751136
LUMN,0.14021931946460248,0.9674742298060683,1.5568487018800359,0.3611321414011997,0.3820351556200613,0.0,0.050637703104070814,30.744852282900627
LUNR,0.3965266901203947,0.7309635820453964,0.11032843950175107,0.27743233212794227,0.06816180216034542,0.0,0.110009324391075,1.002900800567974
LVS,0.1249903971729277,0.9117700729927007,1.0232704402515724,0.5938412408759124,0.23223476991626335,0.020665283859568256,0.07422445255474452,13.786163522012579
LYFT,0.45026765043433126,0.6374857379020921,0.8687912075155726,0.6994710883756718,0.1849888723724368,0.07146933921824952,0.3149492035096582,2.7585121595296562
LYV,0.019680330533939257,0.9881721065060769,1.8301077093949603,1.0998961136248009,0.05536659343530278,0.0,0.02164631906913129,84.5459084082699
M,0.02838070819150347,0.7007020569035596,0.13209876543209875,1.3930902820544402,0.06321559612749215,0.0,0.03953688877940633,3.3411522633744855
MA,0.45646671342746487,0.8569713979725613,1.9345999741501874,0.6054803626493344,0.5381964563447288,0.0,0.2763816311834112,6.999741501874111
MAA,0.20230127208678905,0.512362569113656,0.07891943475115273,0.18447226280779497,0.48805500455836376,0.0,0.03731897343074539,2.1147268398903663
MAR,0.09932788512945849,0.8630718954248366,0.6897374701670644,0.9508351488743646,0.1226609638738257,0.0,0.09444444444444444,7.3031026252983295
MAS,0.10711451996826236,0.9853874254950971,4.378378378378378,1.4539511632378388,0.13514943136736313,0.0,0.1557392809075178,28.113513513513514
MCD,0.31850474242142457,0.9699067461984374,4.781127861529872,0.4517348567588003,0.39244932118281567,0.0,0.1438796941947408,33.23003908431044
MCK,0.011803782564509332,0.9736161218614482,2.192449355432781,4.900574566038653,0.015256674020276133,0.0,0.05784531661868494,37.901933701657455
MDB,0.028878596735039452,0.21455775812163727,0.024099719613949255,0.6554659831948512,0.2050282551687497,0.2907313386614238,0.018928937802220255,1.2731680914035493
MDLZ,0.06360121441731323,0.6378222613901828,0.09486028330366128,0.539077034985382,0.11713418273347692,0.010379635155824274,0.034285954089554746,2.766738911680471
MET,0.04383529655959732,0.961188513700303,0.11898725262342419,0.10344540679526441,0.22173213637071246,0.0,0.0045345600845986,26.24008733009367
META,0.3008369574952977,0.4064739454840023,0.2782966539773433,0.5490559284849776,0.576216872505797,0.2854811261606441,0.16517631502017643,1.684846001942525
MGM,0.011738266679811694,0.9208117429717455,0.08471976614839108,0.4238839297907134,0.1442253232653367,0.0,0.00497566260916997,17.02683095760061
MHK,0.034296363602648025,0.3878485895684321,0.04417613127440794,0.7879859431735989,0.09792868136554973,0.0,0.02702505242085729,1.634636284380113
MKC,0.11540429513325438,0.5630359686070119,0.13761004096574567,0.5181888427623406,0.14066634504334605,0.015511015598731049,0.0598012181449047,2.301124378976728
MKTX,0.2914289563117121,0.4013812700076387,0.21526935837376832,0.4373735713628607,0.4515578989161826,0.0,0.12746332342060462,1.688872944756199
MMI,0.0025279544888738223,0.2708926714862545,0.003165296806681446,0.91292826228874,0.08826917881868117,0.0,0.0023078410986725984,1.3715401846782391
MMM,0.13027096360429694,0.8741950017226301,0.6911952360697575,0.6611719184798452,0.09243225909892576,0.0,0.0861315029284711,8.024883028498511
MNTS,27.448648648648646,0.5748902502542225,1.7775962660443407,0.02753044470348967,20.968468468468465,8.279279279279278,0.755673503807138,2.3523337222870477
MO,0.2984234717986168,1.0985806893794443,1.9837235865219873,0.6647913870405803,0.399072125091284,0.00837664848146398,0.19838935374246794,9.999143346659052
MOS,0.04486243403803392,0.5063378009076761,0.04474178520302196,0.49233459013647823,0.06843450267166705,0.0,0.02208732807464022,2.025676670886809
MP,0.38261280247370133,0.3808827791809863,0.0433979513401595,0.05808273984514099,0.6939685708047995,0.0,0.02222319986750031,1.9528218977873482
MPC,0.030497592295345103,0.7131082127330117,0.2337414808825228,1.5805967482579955,0.062193385029276786,0.0,0.04820439521172056,4.848966154557006
MRK,0.2807832520650351,0.615638653865825,0.34699463939474584,0.4749974427542268,0.25337250619125995,0.24286659180754025,0.13337132669910715,2.6017184351594875
MRNA,1.4516460905349795,0.2989139244610147,0.326242774566474,0.1575620035662182,0.963477366255144,1.6111111111111112,0.22872426649375913,1.4263583815028902
MS,1.6783794545092574,0.9206826870947074,0.15104092016626058,0.007073302963521021,1.7807087397969341,0.0,0.011871686369493125,12.722785581195357
MSFT,0.3614601524896707,0.44510931287893596,0.2964722734140952,0.4551254194244616,0.48331700529596344,0.11531853871164686,0.16450970350709124,1.8021567548525528
MTB,1.7205793602896802,0.8633459791110487,0.09771395277101827,0.00776076062011147,1.812311406155703,0.0,0.013353004543112735,7.3177502827569665
MTD,0.2158735386135353,1.0063663489597445,36.77411575562701,1.0845092691304261,0.23737637526732946,0.04951645378413813,0.234116853586364,157.0759011677103
MTDR,0.2054015432284972,0.5168346644812903,0.13418205732236083,0.3156359866032129,0.6560696073373289,0.0,0.0648321187467492,2.069684901807855
MU,0.22844989030980792,0.3458175318244402,0.1576479276285424,0.45143602502475905,0.46885868692813953,0.10161057306436941,0.1031305103988019,1.5286254961691128
NCLH,0.0430671114551764,0.9019631477209423,0.1915237333294719,0.43597964474346557,0.21264069570653726,0.0,0.018776383952355043,10.20024589481458
NCMI,0.04358552631578948,0.23481451284141866,0.02823654768247203,0.4957195271096616,0.03453947368421053,0.012746710526315791,0.021606196494088868,1.3068726691529038
NDAQ,0.21641249092229484,0.6060928090683669,0.14623374499059458,0.26606125012076126,0.2729363350278383,0.0,0.05757897787653367,2.5397072053651755
NEE,0.24934335327593754,0.687482665087133,0.12516481101670085,0.12886362888478337,0.4554574638844302,0.0,0.032131289341437844,3.8954182537357163
NEM,0.31254135603687855,0.4040370441693948,0.209200696843535,0.39685929868174574,0.4558648374432044,0.007322775596629759,0.12403494336583744,1.6866271001269673
NET,0.04717249624873786,0.758273505961311,0.07008799121115902,0.35915259392577115,0.2781971985348283,0.2363947845347905,0.01694212438968791,4.136906895443359
NFLX,0.24303813935832022,0.5212782820826299,0.4125868742290203,0.8126884847890964,0.22462574228079757,0.07505892255668697,0.1975142972210745,2.0888962471775834
NKE,0.06951132609212032,0.6387818147024249,0.24362370392794974,1.2659996172667378,0.07985488781878253,0.0,0.08800131222832773,2.7684098993415573
NNE,,0.02662565138105234,0.18002113935790656,,,,0.1752279592601431,1.0273539686132367
NNN,0.4208286862741076,0.5299994509217318,0.08841885152151555,0.09875018058277994,0.7202781649577366,0.0,0.04155690876398217,2.1276570888292134
NOC,0.09968060256471373,0.6754578897171887,0.250809643756747,0.8165910816123947,0.11338608952662439,2.6219192448872577e-05,0.08139829106409482,3.0812642437327575
NOV,0.016582799634034768,0.4400850234700204,0.023133375877472877,0.7744221061022053,0.14306953339432754,0.0,0.012842086617660084,1.801372048500319
NOVT,0.07431980420150928,0.27271172803366267,0.0554505979287629,0.5426355731207799,0.0653232714664491,0.09737303691617376,0.04032856954711013,1.3749706114417932
NOW,0.13164633227895767,0.5021122974114756,0.13483492749151496,0.5099470005376757,0.4100015062509414,0.2229251393282121,0.06713265227744067,2.0084850354828756
NSC,0.2358784893267652,0.6563135555752055,0.18479449411462018,0.2692545760014148,0.35804597701149427,0.0,0.06351136263153241,2.9096288673055897
NTAP,0.18046256847230677,0.903908343342881,1.1403846153846153,0.6072253534140257,0.22915398660986,0.15398660986001217,0.10958144691859928,10.40673076923077
NTRA,0.0902644406410267,0.28600192466134966,0.12155946024703153,0.9615438819452088,0.09336099315167991,0.2706328787878131,0.08679322065558569,1.4005639994557388
NTRS,0.21479273842500993,0.9268463699813754,0.13404178146150225,0.0456516498647624,0.6842970914127424,0.0,0.00980564288807205,13.669861628813312
NUE,0.05367144703637595,0.3697584320875114,0.08330149025601834,0.9256494986326345,0.0995260663507109,0.0,0.04968094804010939,1.6767290790982041
NVDA,0.5560253406070261,0.23940658501085574,0.7633333969089534,1.0441724733200195,0.47568283488779184,0.08565884652076058,0.5805863551302447,1.3147628947251309
NVR,0.1297773460743112,0.3401203360805063,0.3466653074140417,1.7626912051194057,0.10861337206007887,0.0,0.2287573865489258,1.515427819157648
NYT,0.12176672030834168,0.3188849851022158,0.16850555241767387,0.9425536103353587,0.2069047667932308,0.09357687550576688,0.1147716618453233,1.468180818404174
O,0.18412255797454224,0.44881337078394234,0.02684140537611602,0.0789797192720902,0.6948151077934183,0.0,0.0145419479404885,1.845791601370177
OC,0.05166782143917648,0.7000770416024653,0.1354788476511809,0.7783513097072419,0.17677917450262298,0.014847075126200138,0.040215716486902926,3.3688035297171037
OKLO,,0.034182839294792065,0.07157721462393561,,,,0.06913050219927679,1.0353926609357749
OKTA,0.08050702295306612,0.2791967044284243,0.033576225175025,0.3006179196704428,0.302843439534087,0.21891058581706063,0.02420185375901133,1.3873410487212459
ONTO,0.13604300566120506,0.11280541241630736,0.06510327532422153,0.42456628491038506,0.3265961245962499,0.13128703632780675,0.057759273501620315,1.1271484452171165
OPEN,0.29741477922672155,0.5824678022434566,1.2935323383084578,1.8159534690486083,0.23999084877602378,0.018073667353008464,0.540091400083091,2.3950248756218904
ORCL,0.21678078015296434,0.8785288754521534,0.6084299056280866,0.3409281246844578,0.3627415111761529,0.17177999616718062,0.07390666484518386,8.232409173145568
OTIS,0.09590464971242464,1.494790199943678,0.25667655786350146,1.3546418849150474,0.11059524634467466,0.01053288060425473,0.12991645545855626,1.9757047477744807
OXY,0.10971148057240772,0.5719715867246336,0.06574346450574457,0.25649157817214263,0.4877506599360904,0.0,0.028140070795619223,2.3362935005827827
PANW,0.12296264165265955,0.6681229375387042,0.1449184602014212,0.39113597611150225,0.4029713170308518,0.21516022339098845,0.04809511286806186,3.0131639486733808
PAYC,0.2209874738022128,0.7721320752233934,0.26185388391568004,0.27000671167436535,0.33089632987278844,0.13812935614368574,0.059668101122560435,4.388507074790644
PAYX,0.2974496114291868,0.7507863391310123,0.40147771317829456,0.33637203349412287,0.3411705583574134,0.0,0.10005373065847224,4.012621124031007
PCAR,0.08352317471031613,0.5655017795841774,0.12332848837209304,0.6415705450624998,0.15524102823714706,0.015661913601079987,0.053586008724247916,2.3015053986710963
PCG,0.10840184479647083,0.7702155905967757,0.08306699446834664,0.1760809541631653,0.34954882695007017,0.0,0.019087500264809938,4.351905347264904
PCTY,0.11988952816197543,0.7566661798721458,0.13631488465380653,0.27667155031492463,0.2406976684789179,0.13961712858356648,0.03317002162309856,4.10958081977496
PCVX,,0.10563999204720258,0.2854683095575887,,,,0.2553114396061967,1.1181179738671612
PENN,0.12111765550926591,0.8719206644006027,0.4597055616139586,0.48785786873182185,0.07300675190346215,0.0,0.059088201282545466,7.779989094874591
PEP,0.08772957146659568,0.8086853695099582,0.4038028030971283,0.8745425935064572,0.12868778280542986,0.008932659036465266,0.07672324695760668,5.263108889542291
PFE,0.12417903769635182,0.5831331667947732,0.0898630833988621,0.3006293235972329,0.18702759711724382,0.0,0.037331860107609534,2.4071418659512465
PFG,0.07584397299286422,0.9637019537080028,0.09972315485657066,0.045772043476923575,0.29033950913570766,0.0,0.0034715336292919985,28.72596538173495
PG,0.1895258886621423,0.5824915556052415,0.3055236783719685,0.6730282438054476,0.21139243510037492,2.4915760998528785e-05,0.1275562760019484,2.3952069466758474
PH,0.1779345088161209,0.5358038923170815,0.25814939336354337,0.6730182409981691,0.19022670025188917,0.012090680100755667,0.11975317013629891,2.155678994299079
PHM,0.1281617388864214,0.280522071097292,0.17086287859897262,0.9591947728618729,0.10809000001328561,0.0,0.12293207002074365,1.3898967012443628
PKG,0.08611349048312995,0.5713020372010629,0.16835580687255328,0.8381240967787049,0.17326154428042229,0.0,0.0721737914316349,2.3326446280991737
PL,0.8022045514368256,0.8355299794184445,1.3100816744590857,0.2685962820528487,0.4366272702752765,0.34689513757323864,0.21546915996180457,6.080135434190764
PLD,0.37863286844433536,0.4149967764760871,0.06256875646722969,0.08903715617770774,0.5697794810018103,0.0,0.03371239384169176,1.8559570928437477
PM,0.279177327297776,1.1160367131603672,1.135481288773264,0.587526197875262,0.30094961621728006,0.01859870104310175,0.16402399364023992,6.922653592155293
PNC,0.30291354604095416,0.8942835424323363,0.11549063299496574,0.04027218901898977,0.1897917658773107,0.0,0.012198991582573766,9.467227861681934
PODD,0.09124478416602046,0.5250752256770311,0.1630807814149947,0.8488277331995987,0.21022118828699088,0.11118496362763562,0.07745110330992978,2.105596620908131
POOL,0.0768337254385945,0.6731418047800876,0.3428906987594802,1.4586906246501086,0.069166687462992,0.0,0.11207663495421835,3.0594307091709703
PPG,0.0992755905511811,0.6335867499321206,0.19846366956302733,0.7183908045977011,0.12226771653543307,0.028094488188976377,0.07131867137297493,2.782772950510011
PRGO,0.3351437774799558,0.6560713281469678,0.48557315619144953,0.49830115287280907,0.05607674402200747,0.02243069760880299,0.16700253069641016,2.9075796286833593
PRU,0.05884095172277619,0.9540142683588803,0.11024107528207658,0.07854576472716933,0.10318557277783262,0.0,0.004621707550339907,23.85288858745915
PSA,0.3698810537812858,0.5377298699108558,0.1929415336811947,0.23871579649935248,0.6605253649738304,0.0,0.08829645036341946,2.185156174309006
PSX,0.03326131625067988,0.5895629750271444,0.15134224727597703,1.7966340933767644,0.03748413609717774,4.5325436635039584e-05,0.05975841476655809,2.5325679716770355
PVH,0.002826752474805032,0.5897354678537796,0.00527930221396824,0.7662186456638987,0.07602064758329422,0.0,0.0021659104528721856,2.4374517455084197
PYPL,0.15775352707102375,0.7473463634889551,0.25834320695102686,0.413755254262657,0.19341613408899072,0.0,0.06527135070410238,3.95798775671406
QBTS,14.441046081262456,0.06942792906412117,0.4166269668986072,0.026847183868322463,2.927644690283483,2.063448163663725,0.38770141939457076,1.0746077936707226
QCOM,0.1251241983560654,0.5770895239614702,0.26129397340375365,0.8831541790479229,0.31641224821605995,0.20418209737151116,0.1105039586781804,2.3645666320852587
QS,,0.10639633193594647,0.37216428437611476,,,,0.3325673696409297,1.1190643410925658
QSR,0.1139495442018232,0.7985945734920945,0.2958172812328013,0.3682998243216865,0.18168327326690692,0.0,0.041967597111067734,7.048706659328563
RARE,0.8543833580980683,1.0476501305483028,7.1875,0.43929503916449086,0.6924219910846954,1.1144130757800892,0.37532637075718017,19.15
RBLX,0.2177785284316634,0.9607643224662498,2.6998737591385202,0.5117181769650642,0.36731198590915415,0.32056653739016316,0.1114412315511852,24.226883726589673
RCL,0.23797044884304433,0.7538383911194406,0.4252266613529939,0.4309329873375141,0.36046835795929744,0.0,0.10254931641798218,4.146557736375411
RDW,0.6755063644034696,0.2153605904755727,0.2137250758479117,0.2314349850980273,0.5287449199567059,0.05892104800212296,0.15633580537933955,1.3670897420416295
REGN,0.31408571488332204,0.2293416702211856,0.14412497720503312,0.3536331292669637,0.3471334249001248,0.4078812513508426,0.11107111421224053,1.2975918917103102
RF,0.4319775596072931,0.8797146347299356,0.11321745523289398,0.03142670041683983,0.4369865758365057,0.0,0.013575629352575969,8.339757391167359
RGTI,30.503668171557564,0.18058760167663307,0.39584473790688013,0.01063347805344943,8.259452595936795,8.65476862302483,0.32436008605196126,1.2203867088735059
RH,0.03628018430392937,0.9874682311387573,2.0591914191419143,0.7112783851802528,0.1314831419121649,0.0,0.025805310905740834,79.79719471947195
RHP,0.09445837719790103,0.8039572683740314,0.3245009011507001,0.4169203532721811,0.229187046794779,0.0,0.03938161999086583,8.239907378771235
RJF,0.134175465057818,0.8582794967698062,0.17075901783571942,0.18034682080924855,0.15296631473102063,0.0,0.024198118553779895,7.056706390466288
RKLB,0.3293607998683946,0.25925132438336695,0.11511370882781002,0.25889640598878544,0.2750436607571631,0.4498445494259712,0.08527032735951899,1.3499855388435953
RKT,0.544,0.6226744665073741,0.0029696916761289193,0.002059817088242564,31.416,0.0,0.0011205404960039549,2.6502314612629925
RL,0.10494420115835569,0.6326962098959885,0.287000193162063,1.0044981766066436,0.1744737957338607,0.0,0.10541625870900911,2.722542012748696
RLI,0.21426196102096842,0.7114014378998833,0.2268237022240518,0.30551850641225187,0.32628842868435143,0.0,0.0654609943120864,3.4650207288735326
RMD,0.2721791677831587,0.269932279970459,0.23471114180143998,0.6295670221793893,0.3403569186334253,0.06437290129445719,0.17135502816050763,1.369735947179717
RNG,0.01725190863975076,1.262356939630296,0.0737792861648748,1.6977511973026518,0.245483952794713,0.1260338382484965,0.029289448548892812,2.5189715006656814
ROK,0.10417166147206905,0.6743025225064623,0.2378215654077723,0.7435600320884215,0.1850875089906497,0.08139534883720931,0.07745788394687583,3.0703338806787084
ROP,0.1944068332806074,0.4250079532637302,0.07727284158639941,0.22854787864765597,0.32145523568490986,0.1078772540335337,0.044431269340891345,1.7391544903553555
ROST,0.09428533162635695,0.6020613764320535,0.3466769714080598,1.4631772985805858,0.13304653305441855,0.0,0.13795615682482765,2.512950341522338
RPM,0.09341126466977111,0.6289384099612793,0.2386838920396651,0.9481343048932035,0.10419464170520101,0.012844781329466063,0.08856642449686848,2.694970395334232
RRC,0.21120874076998505,0.41812028324639294,0.15236689165048312,0.41977052385707897,0.3759648083864145,0.0,0.08865920375621063,1.7185682387747558
RSG,0.11241919377726389,0.6517488215096316,0.17872660427807488,0.553657684921143,0.22578441162558469,0.0,0.06224175056742129,2.87149064171123
RTX,0.07597936864440256,0.6075614189935644,0.10318032033105985,0.5179069318852694,0.11926232746069546,0.03168064286762299,0.03935024170120237,2.622101310445245
SAIC,0.049297714128339304,0.7198356369069854,0.23866666666666667,1.3563690698543145,0.08386119526301294,0.0017901404571743322,0.06686589465819948,3.5693333333333332
SBUX,0.04992416174524801,1.2526319734413502,0.22928142677173136,1.1612975761796644,0.127674508664924,0.0,0.05797680802755804,3.9547093841859544
SCHW,0.37005141925504786,0.8993370604588642,0.179099645928174,0.0487194370614772,0.38923958028510514,0.0,0.01802869682990662,9.934142640364188
SERV,38.23500565824218,0.04624596534067889,0.28898855005360036,0.007208681961435863,30.268200678989064,17.0754432289702,0.27562399558396855,1.0484883561800058
SFM,0.05946633486858459,0.6626130264900932,0.37323049247580664,2.1175528398766037,0.08130650377764018,0.0,0.12592310627802442,2.963955571837266
SHEN,0.09205709591062276,0.5390409689956153,0.03740194803941493,0.18728339793234322,0.2822324188076702,0.0,0.01724076572592505,2.1693901903192954
SHW,0.1089533941622869,0.8224711119347379,0.5585759954765892,0.9101448939644887,0.14641367930330912,0.0,0.09916337537690575,5.632886066589827
SIG,0.04320770224257367,0.6696628080845416,0.14973044451225714,1.1447388316728548,0.09962428085006457,0.0,0.04946153458443238,3.0272098464042316
SIRI,0.0940640336527226,0.575467195359254,0.06961861108708813,0.3142049418071006,0.22178078990418323,0.03073147931759757,0.02955538421999486,2.355530571650956
SITE,0.03685597687468117,0.4772021369114176,0.10450819672131148,1.4612995403155673,0.06387094031627275,0.0,0.05385762206485278,1.9404532304725168
SITM,0.13133839466111552,0.10698780179794685,0.03710747961826079,0.252305748285895,0.2668034041511051,0.36396559113451293,0.03313743194364095,1.1198055323469835
SJM,0.1410481200077927,0.6536755621096264,0.2023476802683063,0.4968371547488229,0.13871030586401714,0.0,0.07007794662734224,2.887465886298622
SLB,0.0944886299988798,0.5026062550120288,0.1292274694549772,0.6507982795071808,0.18172398342108212,0.0198554945670438,0.061493037836261574,2.1014975678884675
SLDP,4.438313330574332,0.08551677463018467,0.23218443892769855,0.04778594218311902,3.3748563020186695,3.334390950475928,0.21208898420539143,1.0947501106556587
SM,0.20545339251743816,0.4801685939695234,0.13471933471933473,0.3408624229979466,0.6376030437539633,0.0,0.07003134118664217,1.9237006237006238
SMR,11.302582674163729,0.21165200720418662,0.30439897299974933,0.022285828368183776,14.600527335684108,1.4464246005273356,0.25188741759362043,1.2084723242938946
SNA,0.19722270708481215,0.29189401233907497,0.17143194308641557,0.6129239328126672,0.20979034541610908,0.014041620604720622,0.12088251726638376,1.4181698641221887
SNOW,0.28429362763789334,0.7893125591637334,0.6920714182512153,0.5128878800371639,0.26087875479350103,0.4204728235551819,0.145810755987274,4.746367396323064
SPB,0.03556425774296903,0.43493312818084984,0.052311881447347754,0.8311634512960114,0.0724813100747597,0.008259166963332147,0.029559711208427035,1.7697020474420064
SPCE,180.6392487046632,0.6589004443592276,1.018042516535019,0.0019223610179050997,155.53238341968913,52.11528497409326,0.34725385001350884,2.9316954052357245
SPG,0.8428180981867404,0.834868835913965,1.0299239593661462,0.15673624491232505,0.649940725948051,0.0,0.13210014385393695,7.7965392717886255
STE,0.11258161210290657,0.3479964296171477,0.09307940373186258,0.5380523003729941,0.21029102401953287,0.01971750237887431,0.06057479537166899,1.5366028586766978
STLD,0.06522651317098635,0.45611871779037233,0.1323624997236854,1.1069929682370896,0.07974734082278731,0.0,0.0722052914229058,1.8331412714400575
STT,0.21120195065978198,0.9239414610692069,0.11690683180500973,0.03809346887148372,0.8532702237521514,0.0,0.008045414933055045,14.530864197530864
STX,0.16148180718918326,1.0564626698242552,3.2428256070640176,1.133865137729029,0.1190502363416511,0.07958667692645927,0.18309859154929578,17.71081677704194
SUI,0.08971857248167903,0.41479210087120394,0.02974367821049151,0.18415063603478427,0.37474524088287586,0.0,0.016521732186634087,1.8002760167335143
SWK,0.02656241738486755,0.5737748132387485,0.04438627879751728,0.7122299787701766,0.06418865330724899,0.021242002855178976,0.018918549970108785,2.3461776334680713
SYF,0.1923535145673129,0.8592216297913431,0.21185733031134438,0.15505268902976616,0.533466912162894,0.0,0.029824929677988162,7.103363950852916
SYK,0.12924032489249881,0.5313936961792493,0.1447814451382694,0.5249561073488839,0.20082815734989648,0.06462016244624941,0.06784549786807123,2.1339875111507585
T,0.17471826053737424,0.6989728651730851,0.17355384968100498,0.2990209377483948,0.32060995797784286,0.0,0.05224441810765401,3.3219596651145142
TEAM,0.0492180321607331,0.7772822440362993,0.19075260059420923,0.863179393475969,0.28002068527548923,0.5118228966135051,0.04248399114858233,4.489987768029524
TFC,0.36795396242113293,0.880941596747623,0.08140944024298578,0.02634155072342011,0.39790612216598487,0.0,0.00969247796499969,8.39923913543696
TFX,0.4544758828792706,0.5502144089184208,0.2898263167057522,0.2868352449080851,0.0485177745114324,0.07265521929148855,0.13035970117049378,2.223281536421264
TGT,0.03535980148883375,0.7282736594385611,0.2291988864831426,1.7613044209110775,0.06262645543042565,0.0,0.062279374684820976,3.6801732137333745
TJX,0.09100245146756775,0.7151005116448123,0.5391560353287537,1.687924623256074,0.1138607301397999,0.0,0.15360527860877346,3.510009813542689
TKO,0.04126647703526244,0.4030597668881178,0.052283403806034225,0.3055760001357785,0.2715277717648286,0.0,0.012610044992130458,4.146171075413505
TMO,0.15046233952778526,0.5159910461017011,0.12552661636115117,0.4037954378619396,0.17546458389442499,0.03135380195708771,0.06075600627135387,2.0660774804800868
TMUS,0.12447202436897711,0.7299589029224082,0.1856662669121497,0.40280153441253075,0.31650228176063594,0.0,0.0501375224072579,3.703140043578873
TOL,0.12277924772970013,0.42932916874026245,0.16280266769423443,0.7552909234837292,0.10143513244567225,0.0,0.09273405140240276,1.755586704475808
TPR,0.026131484730483403,0.869645163741357,0.21356959664257402,1.0653749715067244,0.17353473975494602,0.0,0.027839829800167158,7.671368617393332
TREX,0.16215647718959997,0.28840317563630036,0.18410676577740306,0.8079220277947299,0.30496726894309384,0.0035766993366925922,0.13100978987107148,1.4052901386879948
TRMB,0.11819474256404537,0.3732603092783505,0.07265001199410576,0.38523410652920964,0.10765756975998661,0.1758146795640175,0.04553264604810996,1.5955587539837566
TRV,0.12877856967313836,0.7711052968519498,0.19115948197239618,0.3397723160853954,0.21721143606127633,0.0,0.04375539288000668,4.368821061591779
TSLA,0.04000970187815706,0.39868365673483014,0.04619111971462313,0.6881195303542661,0.15551477954590992,0.06760732702711253,0.02753145726601164,1.6777578923018859
TT,0.13688273559110584,0.5984771739485637,0.3401948899664304,0.9953876390594145,0.1498224829869758,0.01630248711418776,0.13625138300802495,2.496817885117493
TTWO,0.7950333712013631,0.767152831483438,2.095195771155915,0.6136351258618624,0.008023288838398182,0.0,0.4878604028015292,4.294662487720448
TXN,0.2828299966067187,0.5294780974410872,0.3073188717507528,0.5112621078502241,0.4045356860083701,0.11780341590317837,0.14460026022842273,2.12529957598476
U,0.21775224258886017,0.48868990111451294,0.12440879067112452,0.270511053137604,0.22866783301471416,0.5025366988745967,0.058904388465787584,2.1120462144069743
UBER,0.0506155950752394,0.5613925532745297,0.08753131088227108,0.7275193193349465,0.09616158364850728,0.08486896810707867,0.03682382327687144,2.377029409036089
UDR,0.2205806518302394,0.6088166579512061,0.1148573406048177,0.16145291661802916,0.5272896315343478,0.0,0.03561338958749816,3.225116787118112
UEC,1.3114891452339272,0.11172542303410905,0.0890903547108446,0.06034109960429846,0.9644059428161048,0.0,0.07913669714251666,1.125778026222177
UNH,0.026936749134766416,0.6714979278444091,0.12045159356579078,1.4457185679999742,0.04400905339312326,0.0,0.03894295838568904,3.0930262763512837
UNM,0.05647967572941761,0.8249495429742725,0.06641724600012591,0.20585049606891753,0.05259454705364996,0.0,0.011626369266712218,5.71263861283737
UNP,0.2912280701754386,0.7350426124135556,0.3865273190014621,0.35166001893885046,0.37902896776825784,0.0,0.10241326867341961,3.774191801592029
UPS,0.06284612174462277,0.7779860446025448,0.3433783200838109,1.213038719387057,0.09530684291853239,0.0,0.07623477903954029,4.504221359462624
URBN,0.07540805297195174,0.43779860783970326,0.16514088972101246,1.2312005740060183,0.09329358014823427,0.0,0.09284243810374324,1.7787220272746618
URG,2.752894475686404,0.7157297061209209,0.9670247379021846,0.09985722622486319,1.585143529238799,0.0,0.2748964064317934,3.5177787532923617
USB,0.2641680625348967,0.9051758877438272,0.11611676100194807,0.04138976955130751,0.27812674483528754,0.0,0.010933855231134767,10.619928519933122
USEG,1.9548483612131105,0.40450406103864134,0.5940896879520562,0.1809746492739355,0.9707602339181287,0.0,0.3537779965542702,1.6792725769787147
UUUU,1.299020054003216,0.5165428104362213,0.1262284328682719,0.04669186288647818,1.3573617305300205,0.0,0.06065366624830364,2.0811344256012267
V,0.50145,0.6194907003121644,0.5291091825160252,0.4014975859957642,0.576475,0.0,0.20133096449757595,2.628056662006384
VFC,0.019960249102259082,0.8413912780500122,0.12755225873511372,1.013559532056182,0.04894804049915983,0.0,0.020230900739810542,6.30482351604421
VLO,0.019138131994424837,0.5908636269573015,0.09896733403582719,2.115730840863627,0.04748669378173727,0.0,0.04049113609712354,2.444172813487882
VOYA,0.07986323116375627,0.9606449773285102,0.13204118715929739,0.04578466837005686,0.15728416168030285,0.0,0.0036565115537937707,36.111245709670904
VRTX,0.32939764858806964,0.2720898490816207,0.21178840446163572,0.4680146628709589,0.3025838867456026,0.0,0.154162929454432,1.3737959262394326
VSAT,0.12721605656820084,0.6993575675600099,0.12625896744960452,0.29255189275738464,0.20094539946379866,0.03150608763530875,0.03721729813815767,3.392480748626815
VTR,0.04482668778432562,0.530262835766018,0.020875925472248383,0.2114377946172334,0.28226459466779114,0.0,0.009478056005113086,2.2025535047468106
VZ,0.12427726841834852,0.7384318925042919,0.1624157138669012,0.34183862780699453,0.2687367484134278,0.0,0.042482770903729795,3.8230960554562565
WAT,0.20289920089369493,0.49547586451428627,0.25075100283378143,0.6235112428716353,0.2061598857101696,0.0618304317524546,0.12650993292688933,1.9820657321721258
WBD,0.01949270699270699,0.6286556427037019,0.020239984409365516,0.37264325323475045,0.11580330330330331,0.0,0.007263825748114103,2.786408307580946
WDC,0.19842436974789915,0.604342236823311,0.3556768970062135,0.679902871018426,0.17762605042016807,0.0,0.13490929867161833,2.6364149877612504
WDFC,0.14676806696936215,0.43642932353108077,0.3393373907336138,1.303012343188128,0.14181794720840019,0.014032597562844262,0.19124060284694067,1.7744003401056119
WEC,0.15872287017479414,0.7745150752256964,0.13390320747895254,0.1902256091524759,0.344833215987592,0.0,0.030193154665429565,4.434886283421999
WELL,0.08874644608053453,0.35808346091671,0.022830488034773166,0.1610333333051028,0.2658855840459626,0.0,0.01429113603133005,1.5975278651551938
WFC,0.4493724201836408,0.9148118034227376,0.11781334717337412,0.022099653221050987,0.4001558419678207,0.0,0.009930974653162875,11.863221011832131
WHD,0.153851856863114,0.2343262537153702,0.13536803137664202,0.5765340879036683,0.23948543674024675,0.0,0.08870083996886116,1.5261189344335813
WM,0.10744326297413109,0.7820224719101123,0.2710710710710711,0.5498854587105924,0.23976352959847644,0.0,0.05908148794589288,4.588088088088088
WMT,0.03069845182658102,0.6500590161170205,0.21977172570946726,2.5052447061137886,0.05828260860420409,0.0,0.07690713392443127,2.857624702611
WRB,0.12098316709111104,0.7796310872499559,0.1834281397713059,0.3337303965224716,0.24358519691789204,0.0,0.040375760325860925,4.54302626850643
WSM,0.13942137229825832,0.6151897887474889,0.5226440163279887,1.4425245643314228,0.16842833237007251,0.0,0.20111875433303422,2.598683638734845
WWW,0.05111241530171264,0.7613057976949629,0.23480392156862745,1.096530743579243,0.07469455263298298,0.0,0.05604633475691804,4.1894607843137255
WY,0.04692251991310645,0.43261301390477336,0.03437301082113304,0.4156383555047252,0.08139029688631426,0.000724112961622013,0.019502799012821283,1.7624655208996394
WYNN,0.045858431667246666,1.0786748394143872,1.1881796930582376,0.5445422862795625,0.18950229786699888,0.0,0.02497185522527759,47.58075370609673
XEL,0.13756902310995978,0.7098597780536063,0.0854758778431954,0.18027307025844588,0.2783420819415093,0.0,0.024799990168487544,3.4466093438942775
XOM,0.08681728158729586,0.40615172168025304,0.11120106713546606,0.7399839636509421,0.15642400929454187,3.611868600220324e-06,0.06424339614236714,1.730933820637968
XYL,0.10592141671278361,0.33373029375070884,0.0833623693379791,0.5123624815696949,0.13735473159933592,0.025013835085777533,0.05427015991833957,1.5360627177700348
YUM,0.18979790601412222,1.8934976210808832,0.21283276450511945,1.0020739294863974,0.24470416362308253,0.0,0.19019153348786141,1.1190443686006826
Z,0.008904374758033295,0.14089709762532981,0.004709254709254709,0.45435356200527705,0.14246999612853273,0.23499806426635694,0.0040457343887423045,1.164004914004914
ZBH,0.08565874992407216,0.4497719959985622,0.05552974160674768,0.35647007366283123,0.206171414687481,0.0,0.030534780895300043,1.8185734424344566
ZM,0.39027277736939253,0.17994006228545897,0.1937294063838859,0.4070735499501021,0.4085320129174335,0.1735294896923637,0.15886972493264448,1.2194230616690547
ZS,0.015516728610628427,0.7197345187330371,0.02305264404012065,0.416380316915186,0.36379018485923725,0.25157353873664245,0.006460860376380398,3.5680455383924508
ZTS,0.2823492130558783,0.7846382621064201,0.8024617232062444,0.6120773259197,0.30674976233231227,0.0,0.17281955130277366,4.643350345241669
